assignment_id,course_id,assignment_name,due_date
1,ARCH1001,ASSIGNMENT 1,2023-01-31 23:55:00
2,ARCH1001,ASSIGNMENT 2,2023-02-28 23:55:00
3,ARCH1001,ASSIGNMENT 3,2023-03-31 23:55:00
4,ARCH1001,ASSIGNMENT 4,2023-04-30 23:55:00
5,ARCH1001,ASSIGNMENT 5,2023-05-31 23:55:00
1,ARCH2002,ASSIGNMENT 1,2023-01-31 23:55:00
2,ARCH2002,ASSIGNMENT 2,2023-02-28 23:55:00
3,ARCH2002,ASSIGNMENT 3,2023-03-31 23:55:00
4,ARCH2002,ASSIGNMENT 4,2023-04-30 23:55:00
5,ARCH2002,ASSIGNMENT 5,2023-05-31 23:55:00
1,ARCH3003,ASSIGNMENT 1,2023-01-31 23:55:00
2,ARCH3003,ASSIGNMENT 2,2023-02-28 23:55:00
3,ARCH3003,ASSIGNMENT 3,2023-03-31 23:55:00
4,ARCH3003,ASSIGNMENT 4,2023-04-30 23:55:00
5,ARCH3003,ASSIGNMENT 5,2023-05-31 23:55:00
1,ARCH4004,ASSIGNMENT 1,2023-01-31 23:55:00
2,ARCH4004,ASSIGNMENT 2,2023-02-28 23:55:00
3,ARCH4004,ASSIGNMENT 3,2023-03-31 23:55:00
4,ARCH4004,ASSIGNMENT 4,2023-04-30 23:55:00
5,ARCH4004,ASSIGNMENT 5,2023-05-31 23:55:00
1,ARCH5005,ASSIGNMENT 1,2023-01-31 23:55:00
2,ARCH5005,ASSIGNMENT 2,2023-02-28 23:55:00
3,ARCH5005,ASSIGNMENT 3,2023-03-31 23:55:00
4,ARCH5005,ASSIGNMENT 4,2023-04-30 23:55:00
5,ARCH5005,ASSIGNMENT 5,2023-05-31 23:55:00
1,ARCH6006,ASSIGNMENT 1,2023-01-31 23:55:00
2,ARCH6006,ASSIGNMENT 2,2023-02-28 23:55:00
3,ARCH6006,ASSIGNMENT 3,2023-03-31 23:55:00
4,ARCH6006,ASSIGNMENT 4,2023-04-30 23:55:00
5,ARCH6006,ASSIGNMENT 5,2023-05-31 23:55:00
1,ARCH7007,ASSIGNMENT 1,2023-01-31 23:55:00
2,ARCH7007,ASSIGNMENT 2,2023-02-28 23:55:00
3,ARCH7007,ASSIGNMENT 3,2023-03-31 23:55:00
4,ARCH7007,ASSIGNMENT 4,2023-04-30 23:55:00
5,ARCH7007,ASSIGNMENT 5,2023-05-31 23:55:00
1,ARCH8008,ASSIGNMENT 1,2023-01-31 23:55:00
2,ARCH8008,ASSIGNMENT 2,2023-02-28 23:55:00
3,ARCH8008,ASSIGNMENT 3,2023-03-31 23:55:00
4,ARCH8008,ASSIGNMENT 4,2023-04-30 23:55:00
5,ARCH8008,ASSIGNMENT 5,2023-05-31 23:55:00
1,BIOL1001,ASSIGNMENT 1,2023-01-31 23:55:00
2,BIOL1001,ASSIGNMENT 2,2023-02-28 23:55:00
3,BIOL1001,ASSIGNMENT 3,2023-03-31 23:55:00
4,BIOL1001,ASSIGNMENT 4,2023-04-30 23:55:00
5,BIOL1001,ASSIGNMENT 5,2023-05-31 23:55:00
1,BIOL1011,ASSIGNMENT 1,2023-01-31 23:55:00
2,BIOL1011,ASSIGNMENT 2,2023-02-28 23:55:00
3,BIOL1011,ASSIGNMENT 3,2023-03-31 23:55:00
4,BIOL1011,ASSIGNMENT 4,2023-04-30 23:55:00
5,BIOL1011,ASSIGNMENT 5,2023-05-31 23:55:00
1,BIOL1021,ASSIGNMENT 1,2023-01-31 23:55:00
2,BIOL1021,ASSIGNMENT 2,2023-02-28 23:55:00
3,BIOL1021,ASSIGNMENT 3,2023-03-31 23:55:00
4,BIOL1021,ASSIGNMENT 4,2023-04-30 23:55:00
5,BIOL1021,ASSIGNMENT 5,2023-05-31 23:55:00
1,BIOL2021,ASSIGNMENT 1,2023-01-31 23:55:00
2,BIOL2021,ASSIGNMENT 2,2023-02-28 23:55:00
3,BIOL2021,ASSIGNMENT 3,2023-03-31 23:55:00
4,BIOL2021,ASSIGNMENT 4,2023-04-30 23:55:00
5,BIOL2021,ASSIGNMENT 5,2023-05-31 23:55:00
1,BIOL3011,ASSIGNMENT 1,2023-01-31 23:55:00
2,BIOL3011,ASSIGNMENT 2,2023-02-28 23:55:00
3,BIOL3011,ASSIGNMENT 3,2023-03-31 23:55:00
4,BIOL3011,ASSIGNMENT 4,2023-04-30 23:55:00
5,BIOL3011,ASSIGNMENT 5,2023-05-31 23:55:00
1,BIOL3021,ASSIGNMENT 1,2023-01-31 23:55:00
2,BIOL3021,ASSIGNMENT 2,2023-02-28 23:55:00
3,BIOL3021,ASSIGNMENT 3,2023-03-31 23:55:00
4,BIOL3021,ASSIGNMENT 4,2023-04-30 23:55:00
5,BIOL3021,ASSIGNMENT 5,2023-05-31 23:55:00
1,BIOL3031,ASSIGNMENT 1,2023-01-31 23:55:00
2,BIOL3031,ASSIGNMENT 2,2023-02-28 23:55:00
3,BIOL3031,ASSIGNMENT 3,2023-03-31 23:55:00
4,BIOL3031,ASSIGNMENT 4,2023-04-30 23:55:00
5,BIOL3031,ASSIGNMENT 5,2023-05-31 23:55:00
1,BIOL4011,ASSIGNMENT 1,2023-01-31 23:55:00
2,BIOL4011,ASSIGNMENT 2,2023-02-28 23:55:00
3,BIOL4011,ASSIGNMENT 3,2023-03-31 23:55:00
4,BIOL4011,ASSIGNMENT 4,2023-04-30 23:55:00
5,BIOL4011,ASSIGNMENT 5,2023-05-31 23:55:00
1,BIOL4021,ASSIGNMENT 1,2023-01-31 23:55:00
2,BIOL4021,ASSIGNMENT 2,2023-02-28 23:55:00
3,BIOL4021,ASSIGNMENT 3,2023-03-31 23:55:00
4,BIOL4021,ASSIGNMENT 4,2023-04-30 23:55:00
5,BIOL4021,ASSIGNMENT 5,2023-05-31 23:55:00
1,BIOL4031,ASSIGNMENT 1,2023-01-31 23:55:00
2,BIOL4031,ASSIGNMENT 2,2023-02-28 23:55:00
3,BIOL4031,ASSIGNMENT 3,2023-03-31 23:55:00
4,BIOL4031,ASSIGNMENT 4,2023-04-30 23:55:00
5,BIOL4031,ASSIGNMENT 5,2023-05-31 23:55:00
1,BIOL4041,ASSIGNMENT 1,2023-01-31 23:55:00
2,BIOL4041,ASSIGNMENT 2,2023-02-28 23:55:00
3,BIOL4041,ASSIGNMENT 3,2023-03-31 23:55:00
4,BIOL4041,ASSIGNMENT 4,2023-04-30 23:55:00
5,BIOL4041,ASSIGNMENT 5,2023-05-31 23:55:00
1,BIOL4051,ASSIGNMENT 1,2023-01-31 23:55:00
2,BIOL4051,ASSIGNMENT 2,2023-02-28 23:55:00
3,BIOL4051,ASSIGNMENT 3,2023-03-31 23:55:00
4,BIOL4051,ASSIGNMENT 4,2023-04-30 23:55:00
5,BIOL4051,ASSIGNMENT 5,2023-05-31 23:55:00
1,BIOL4061,ASSIGNMENT 1,2023-01-31 23:55:00
2,BIOL4061,ASSIGNMENT 2,2023-02-28 23:55:00
3,BIOL4061,ASSIGNMENT 3,2023-03-31 23:55:00
4,BIOL4061,ASSIGNMENT 4,2023-04-30 23:55:00
5,BIOL4061,ASSIGNMENT 5,2023-05-31 23:55:00
1,BIOL4071,ASSIGNMENT 1,2023-01-31 23:55:00
2,BIOL4071,ASSIGNMENT 2,2023-02-28 23:55:00
3,BIOL4071,ASSIGNMENT 3,2023-03-31 23:55:00
4,BIOL4071,ASSIGNMENT 4,2023-04-30 23:55:00
5,BIOL4071,ASSIGNMENT 5,2023-05-31 23:55:00
1,BIOL4081,ASSIGNMENT 1,2023-01-31 23:55:00
2,BIOL4081,ASSIGNMENT 2,2023-02-28 23:55:00
3,BIOL4081,ASSIGNMENT 3,2023-03-31 23:55:00
4,BIOL4081,ASSIGNMENT 4,2023-04-30 23:55:00
5,BIOL4081,ASSIGNMENT 5,2023-05-31 23:55:00
1,BIOL4091,ASSIGNMENT 1,2023-01-31 23:55:00
2,BIOL4091,ASSIGNMENT 2,2023-02-28 23:55:00
3,BIOL4091,ASSIGNMENT 3,2023-03-31 23:55:00
4,BIOL4091,ASSIGNMENT 4,2023-04-30 23:55:00
5,BIOL4091,ASSIGNMENT 5,2023-05-31 23:55:00
1,BIOL4101,ASSIGNMENT 1,2023-01-31 23:55:00
2,BIOL4101,ASSIGNMENT 2,2023-02-28 23:55:00
3,BIOL4101,ASSIGNMENT 3,2023-03-31 23:55:00
4,BIOL4101,ASSIGNMENT 4,2023-04-30 23:55:00
5,BIOL4101,ASSIGNMENT 5,2023-05-31 23:55:00
1,BIOL4111,ASSIGNMENT 1,2023-01-31 23:55:00
2,BIOL4111,ASSIGNMENT 2,2023-02-28 23:55:00
3,BIOL4111,ASSIGNMENT 3,2023-03-31 23:55:00
4,BIOL4111,ASSIGNMENT 4,2023-04-30 23:55:00
5,BIOL4111,ASSIGNMENT 5,2023-05-31 23:55:00
1,BIOL4121,ASSIGNMENT 1,2023-01-31 23:55:00
2,BIOL4121,ASSIGNMENT 2,2023-02-28 23:55:00
3,BIOL4121,ASSIGNMENT 3,2023-03-31 23:55:00
4,BIOL4121,ASSIGNMENT 4,2023-04-30 23:55:00
5,BIOL4121,ASSIGNMENT 5,2023-05-31 23:55:00
1,BIOL4131,ASSIGNMENT 1,2023-01-31 23:55:00
2,BIOL4131,ASSIGNMENT 2,2023-02-28 23:55:00
3,BIOL4131,ASSIGNMENT 3,2023-03-31 23:55:00
4,BIOL4131,ASSIGNMENT 4,2023-04-30 23:55:00
5,BIOL4131,ASSIGNMENT 5,2023-05-31 23:55:00
1,BIOL4141,ASSIGNMENT 1,2023-01-31 23:55:00
2,BIOL4141,ASSIGNMENT 2,2023-02-28 23:55:00
3,BIOL4141,ASSIGNMENT 3,2023-03-31 23:55:00
4,BIOL4141,ASSIGNMENT 4,2023-04-30 23:55:00
5,BIOL4141,ASSIGNMENT 5,2023-05-31 23:55:00
1,BIOL4151,ASSIGNMENT 1,2023-01-31 23:55:00
2,BIOL4151,ASSIGNMENT 2,2023-02-28 23:55:00
3,BIOL4151,ASSIGNMENT 3,2023-03-31 23:55:00
4,BIOL4151,ASSIGNMENT 4,2023-04-30 23:55:00
5,BIOL4151,ASSIGNMENT 5,2023-05-31 23:55:00
1,BIOL4161,ASSIGNMENT 1,2023-01-31 23:55:00
2,BIOL4161,ASSIGNMENT 2,2023-02-28 23:55:00
3,BIOL4161,ASSIGNMENT 3,2023-03-31 23:55:00
4,BIOL4161,ASSIGNMENT 4,2023-04-30 23:55:00
5,BIOL4161,ASSIGNMENT 5,2023-05-31 23:55:00
1,BIOL4171,ASSIGNMENT 1,2023-01-31 23:55:00
2,BIOL4171,ASSIGNMENT 2,2023-02-28 23:55:00
3,BIOL4171,ASSIGNMENT 3,2023-03-31 23:55:00
4,BIOL4171,ASSIGNMENT 4,2023-04-30 23:55:00
5,BIOL4171,ASSIGNMENT 5,2023-05-31 23:55:00
1,BIOL4181,ASSIGNMENT 1,2023-01-31 23:55:00
2,BIOL4181,ASSIGNMENT 2,2023-02-28 23:55:00
3,BIOL4181,ASSIGNMENT 3,2023-03-31 23:55:00
4,BIOL4181,ASSIGNMENT 4,2023-04-30 23:55:00
5,BIOL4181,ASSIGNMENT 5,2023-05-31 23:55:00
1,BIOL4191,ASSIGNMENT 1,2023-01-31 23:55:00
2,BIOL4191,ASSIGNMENT 2,2023-02-28 23:55:00
3,BIOL4191,ASSIGNMENT 3,2023-03-31 23:55:00
4,BIOL4191,ASSIGNMENT 4,2023-04-30 23:55:00
5,BIOL4191,ASSIGNMENT 5,2023-05-31 23:55:00
1,BIOL4201,ASSIGNMENT 1,2023-01-31 23:55:00
2,BIOL4201,ASSIGNMENT 2,2023-02-28 23:55:00
3,BIOL4201,ASSIGNMENT 3,2023-03-31 23:55:00
4,BIOL4201,ASSIGNMENT 4,2023-04-30 23:55:00
5,BIOL4201,ASSIGNMENT 5,2023-05-31 23:55:00
1,BIOL4211,ASSIGNMENT 1,2023-01-31 23:55:00
2,BIOL4211,ASSIGNMENT 2,2023-02-28 23:55:00
3,BIOL4211,ASSIGNMENT 3,2023-03-31 23:55:00
4,BIOL4211,ASSIGNMENT 4,2023-04-30 23:55:00
5,BIOL4211,ASSIGNMENT 5,2023-05-31 23:55:00
1,BIOL4221,ASSIGNMENT 1,2023-01-31 23:55:00
2,BIOL4221,ASSIGNMENT 2,2023-02-28 23:55:00
3,BIOL4221,ASSIGNMENT 3,2023-03-31 23:55:00
4,BIOL4221,ASSIGNMENT 4,2023-04-30 23:55:00
5,BIOL4221,ASSIGNMENT 5,2023-05-31 23:55:00
1,BIOL4231,ASSIGNMENT 1,2023-01-31 23:55:00
2,BIOL4231,ASSIGNMENT 2,2023-02-28 23:55:00
3,BIOL4231,ASSIGNMENT 3,2023-03-31 23:55:00
4,BIOL4231,ASSIGNMENT 4,2023-04-30 23:55:00
5,BIOL4231,ASSIGNMENT 5,2023-05-31 23:55:00
1,BIOL4241,ASSIGNMENT 1,2023-01-31 23:55:00
2,BIOL4241,ASSIGNMENT 2,2023-02-28 23:55:00
3,BIOL4241,ASSIGNMENT 3,2023-03-31 23:55:00
4,BIOL4241,ASSIGNMENT 4,2023-04-30 23:55:00
5,BIOL4241,ASSIGNMENT 5,2023-05-31 23:55:00
1,BIOL4251,ASSIGNMENT 1,2023-01-31 23:55:00
2,BIOL4251,ASSIGNMENT 2,2023-02-28 23:55:00
3,BIOL4251,ASSIGNMENT 3,2023-03-31 23:55:00
4,BIOL4251,ASSIGNMENT 4,2023-04-30 23:55:00
5,BIOL4251,ASSIGNMENT 5,2023-05-31 23:55:00
1,BIOL4261,ASSIGNMENT 1,2023-01-31 23:55:00
2,BIOL4261,ASSIGNMENT 2,2023-02-28 23:55:00
3,BIOL4261,ASSIGNMENT 3,2023-03-31 23:55:00
4,BIOL4261,ASSIGNMENT 4,2023-04-30 23:55:00
5,BIOL4261,ASSIGNMENT 5,2023-05-31 23:55:00
1,BIOL4271,ASSIGNMENT 1,2023-01-31 23:55:00
2,BIOL4271,ASSIGNMENT 2,2023-02-28 23:55:00
3,BIOL4271,ASSIGNMENT 3,2023-03-31 23:55:00
4,BIOL4271,ASSIGNMENT 4,2023-04-30 23:55:00
5,BIOL4271,ASSIGNMENT 5,2023-05-31 23:55:00
1,BIOL4281,ASSIGNMENT 1,2023-01-31 23:55:00
2,BIOL4281,ASSIGNMENT 2,2023-02-28 23:55:00
3,BIOL4281,ASSIGNMENT 3,2023-03-31 23:55:00
4,BIOL4281,ASSIGNMENT 4,2023-04-30 23:55:00
5,BIOL4281,ASSIGNMENT 5,2023-05-31 23:55:00
1,BIOL4291,ASSIGNMENT 1,2023-01-31 23:55:00
2,BIOL4291,ASSIGNMENT 2,2023-02-28 23:55:00
3,BIOL4291,ASSIGNMENT 3,2023-03-31 23:55:00
4,BIOL4291,ASSIGNMENT 4,2023-04-30 23:55:00
5,BIOL4291,ASSIGNMENT 5,2023-05-31 23:55:00
1,BIOL4301,ASSIGNMENT 1,2023-01-31 23:55:00
2,BIOL4301,ASSIGNMENT 2,2023-02-28 23:55:00
3,BIOL4301,ASSIGNMENT 3,2023-03-31 23:55:00
4,BIOL4301,ASSIGNMENT 4,2023-04-30 23:55:00
5,BIOL4301,ASSIGNMENT 5,2023-05-31 23:55:00
1,BIOL4311,ASSIGNMENT 1,2023-01-31 23:55:00
2,BIOL4311,ASSIGNMENT 2,2023-02-28 23:55:00
3,BIOL4311,ASSIGNMENT 3,2023-03-31 23:55:00
4,BIOL4311,ASSIGNMENT 4,2023-04-30 23:55:00
5,BIOL4311,ASSIGNMENT 5,2023-05-31 23:55:00
1,BIOL4321,ASSIGNMENT 1,2023-01-31 23:55:00
2,BIOL4321,ASSIGNMENT 2,2023-02-28 23:55:00
3,BIOL4321,ASSIGNMENT 3,2023-03-31 23:55:00
4,BIOL4321,ASSIGNMENT 4,2023-04-30 23:55:00
5,BIOL4321,ASSIGNMENT 5,2023-05-31 23:55:00
1,BIOL4331,ASSIGNMENT 1,2023-01-31 23:55:00
2,BIOL4331,ASSIGNMENT 2,2023-02-28 23:55:00
3,BIOL4331,ASSIGNMENT 3,2023-03-31 23:55:00
4,BIOL4331,ASSIGNMENT 4,2023-04-30 23:55:00
5,BIOL4331,ASSIGNMENT 5,2023-05-31 23:55:00
1,BIOL4341,ASSIGNMENT 1,2023-01-31 23:55:00
2,BIOL4341,ASSIGNMENT 2,2023-02-28 23:55:00
3,BIOL4341,ASSIGNMENT 3,2023-03-31 23:55:00
4,BIOL4341,ASSIGNMENT 4,2023-04-30 23:55:00
5,BIOL4341,ASSIGNMENT 5,2023-05-31 23:55:00
1,BIOL4351,ASSIGNMENT 1,2023-01-31 23:55:00
2,BIOL4351,ASSIGNMENT 2,2023-02-28 23:55:00
3,BIOL4351,ASSIGNMENT 3,2023-03-31 23:55:00
4,BIOL4351,ASSIGNMENT 4,2023-04-30 23:55:00
5,BIOL4351,ASSIGNMENT 5,2023-05-31 23:55:00
1,BIOL4361,ASSIGNMENT 1,2023-01-31 23:55:00
2,BIOL4361,ASSIGNMENT 2,2023-02-28 23:55:00
3,BIOL4361,ASSIGNMENT 3,2023-03-31 23:55:00
4,BIOL4361,ASSIGNMENT 4,2023-04-30 23:55:00
5,BIOL4361,ASSIGNMENT 5,2023-05-31 23:55:00
1,BIOL4371,ASSIGNMENT 1,2023-01-31 23:55:00
2,BIOL4371,ASSIGNMENT 2,2023-02-28 23:55:00
3,BIOL4371,ASSIGNMENT 3,2023-03-31 23:55:00
4,BIOL4371,ASSIGNMENT 4,2023-04-30 23:55:00
5,BIOL4371,ASSIGNMENT 5,2023-05-31 23:55:00
1,BIOL4381,ASSIGNMENT 1,2023-01-31 23:55:00
2,BIOL4381,ASSIGNMENT 2,2023-02-28 23:55:00
3,BIOL4381,ASSIGNMENT 3,2023-03-31 23:55:00
4,BIOL4381,ASSIGNMENT 4,2023-04-30 23:55:00
5,BIOL4381,ASSIGNMENT 5,2023-05-31 23:55:00
1,BIOL4391,ASSIGNMENT 1,2023-01-31 23:55:00
2,BIOL4391,ASSIGNMENT 2,2023-02-28 23:55:00
3,BIOL4391,ASSIGNMENT 3,2023-03-31 23:55:00
4,BIOL4391,ASSIGNMENT 4,2023-04-30 23:55:00
5,BIOL4391,ASSIGNMENT 5,2023-05-31 23:55:00
1,BIOL4401,ASSIGNMENT 1,2023-01-31 23:55:00
2,BIOL4401,ASSIGNMENT 2,2023-02-28 23:55:00
3,BIOL4401,ASSIGNMENT 3,2023-03-31 23:55:00
4,BIOL4401,ASSIGNMENT 4,2023-04-30 23:55:00
5,BIOL4401,ASSIGNMENT 5,2023-05-31 23:55:00
1,BIOL4411,ASSIGNMENT 1,2023-01-31 23:55:00
2,BIOL4411,ASSIGNMENT 2,2023-02-28 23:55:00
3,BIOL4411,ASSIGNMENT 3,2023-03-31 23:55:00
4,BIOL4411,ASSIGNMENT 4,2023-04-30 23:55:00
5,BIOL4411,ASSIGNMENT 5,2023-05-31 23:55:00
1,BIOL4421,ASSIGNMENT 1,2023-01-31 23:55:00
2,BIOL4421,ASSIGNMENT 2,2023-02-28 23:55:00
3,BIOL4421,ASSIGNMENT 3,2023-03-31 23:55:00
4,BIOL4421,ASSIGNMENT 4,2023-04-30 23:55:00
5,BIOL4421,ASSIGNMENT 5,2023-05-31 23:55:00
1,BIOL4431,ASSIGNMENT 1,2023-01-31 23:55:00
2,BIOL4431,ASSIGNMENT 2,2023-02-28 23:55:00
3,BIOL4431,ASSIGNMENT 3,2023-03-31 23:55:00
4,BIOL4431,ASSIGNMENT 4,2023-04-30 23:55:00
5,BIOL4431,ASSIGNMENT 5,2023-05-31 23:55:00
1,BIOL4441,ASSIGNMENT 1,2023-01-31 23:55:00
2,BIOL4441,ASSIGNMENT 2,2023-02-28 23:55:00
3,BIOL4441,ASSIGNMENT 3,2023-03-31 23:55:00
4,BIOL4441,ASSIGNMENT 4,2023-04-30 23:55:00
5,BIOL4441,ASSIGNMENT 5,2023-05-31 23:55:00
1,BIOL4451,ASSIGNMENT 1,2023-01-31 23:55:00
2,BIOL4451,ASSIGNMENT 2,2023-02-28 23:55:00
3,BIOL4451,ASSIGNMENT 3,2023-03-31 23:55:00
4,BIOL4451,ASSIGNMENT 4,2023-04-30 23:55:00
5,BIOL4451,ASSIGNMENT 5,2023-05-31 23:55:00
1,BIOL4461,ASSIGNMENT 1,2023-01-31 23:55:00
2,BIOL4461,ASSIGNMENT 2,2023-02-28 23:55:00
3,BIOL4461,ASSIGNMENT 3,2023-03-31 23:55:00
4,BIOL4461,ASSIGNMENT 4,2023-04-30 23:55:00
5,BIOL4461,ASSIGNMENT 5,2023-05-31 23:55:00
1,BIOL4471,ASSIGNMENT 1,2023-01-31 23:55:00
2,BIOL4471,ASSIGNMENT 2,2023-02-28 23:55:00
3,BIOL4471,ASSIGNMENT 3,2023-03-31 23:55:00
4,BIOL4471,ASSIGNMENT 4,2023-04-30 23:55:00
5,BIOL4471,ASSIGNMENT 5,2023-05-31 23:55:00
1,BIOL4481,ASSIGNMENT 1,2023-01-31 23:55:00
2,BIOL4481,ASSIGNMENT 2,2023-02-28 23:55:00
3,BIOL4481,ASSIGNMENT 3,2023-03-31 23:55:00
4,BIOL4481,ASSIGNMENT 4,2023-04-30 23:55:00
5,BIOL4481,ASSIGNMENT 5,2023-05-31 23:55:00
1,BIOL4491,ASSIGNMENT 1,2023-01-31 23:55:00
2,BIOL4491,ASSIGNMENT 2,2023-02-28 23:55:00
3,BIOL4491,ASSIGNMENT 3,2023-03-31 23:55:00
4,BIOL4491,ASSIGNMENT 4,2023-04-30 23:55:00
5,BIOL4491,ASSIGNMENT 5,2023-05-31 23:55:00
1,BIOL4501,ASSIGNMENT 1,2023-01-31 23:55:00
2,BIOL4501,ASSIGNMENT 2,2023-02-28 23:55:00
3,BIOL4501,ASSIGNMENT 3,2023-03-31 23:55:00
4,BIOL4501,ASSIGNMENT 4,2023-04-30 23:55:00
5,BIOL4501,ASSIGNMENT 5,2023-05-31 23:55:00
1,BIOL4511,ASSIGNMENT 1,2023-01-31 23:55:00
2,BIOL4511,ASSIGNMENT 2,2023-02-28 23:55:00
3,BIOL4511,ASSIGNMENT 3,2023-03-31 23:55:00
4,BIOL4511,ASSIGNMENT 4,2023-04-30 23:55:00
5,BIOL4511,ASSIGNMENT 5,2023-05-31 23:55:00
1,BIOL4521,ASSIGNMENT 1,2023-01-31 23:55:00
2,BIOL4521,ASSIGNMENT 2,2023-02-28 23:55:00
3,BIOL4521,ASSIGNMENT 3,2023-03-31 23:55:00
4,BIOL4521,ASSIGNMENT 4,2023-04-30 23:55:00
5,BIOL4521,ASSIGNMENT 5,2023-05-31 23:55:00
1,BIOL4531,ASSIGNMENT 1,2023-01-31 23:55:00
2,BIOL4531,ASSIGNMENT 2,2023-02-28 23:55:00
3,BIOL4531,ASSIGNMENT 3,2023-03-31 23:55:00
4,BIOL4531,ASSIGNMENT 4,2023-04-30 23:55:00
5,BIOL4531,ASSIGNMENT 5,2023-05-31 23:55:00
1,BIOL4541,ASSIGNMENT 1,2023-01-31 23:55:00
2,BIOL4541,ASSIGNMENT 2,2023-02-28 23:55:00
3,BIOL4541,ASSIGNMENT 3,2023-03-31 23:55:00
4,BIOL4541,ASSIGNMENT 4,2023-04-30 23:55:00
5,BIOL4541,ASSIGNMENT 5,2023-05-31 23:55:00
1,BIOL4551,ASSIGNMENT 1,2023-01-31 23:55:00
2,BIOL4551,ASSIGNMENT 2,2023-02-28 23:55:00
3,BIOL4551,ASSIGNMENT 3,2023-03-31 23:55:00
4,BIOL4551,ASSIGNMENT 4,2023-04-30 23:55:00
5,BIOL4551,ASSIGNMENT 5,2023-05-31 23:55:00
1,CEEN1001,ASSIGNMENT 1,2023-01-31 23:55:00
2,CEEN1001,ASSIGNMENT 2,2023-02-28 23:55:00
3,CEEN1001,ASSIGNMENT 3,2023-03-31 23:55:00
4,CEEN1001,ASSIGNMENT 4,2023-04-30 23:55:00
5,CEEN1001,ASSIGNMENT 5,2023-05-31 23:55:00
1,CEEN2002,ASSIGNMENT 1,2023-01-31 23:55:00
2,CEEN2002,ASSIGNMENT 2,2023-02-28 23:55:00
3,CEEN2002,ASSIGNMENT 3,2023-03-31 23:55:00
4,CEEN2002,ASSIGNMENT 4,2023-04-30 23:55:00
5,CEEN2002,ASSIGNMENT 5,2023-05-31 23:55:00
1,CEEN3003,ASSIGNMENT 1,2023-01-31 23:55:00
2,CEEN3003,ASSIGNMENT 2,2023-02-28 23:55:00
3,CEEN3003,ASSIGNMENT 3,2023-03-31 23:55:00
4,CEEN3003,ASSIGNMENT 4,2023-04-30 23:55:00
5,CEEN3003,ASSIGNMENT 5,2023-05-31 23:55:00
1,CEEN4004,ASSIGNMENT 1,2023-01-31 23:55:00
2,CEEN4004,ASSIGNMENT 2,2023-02-28 23:55:00
3,CEEN4004,ASSIGNMENT 3,2023-03-31 23:55:00
4,CEEN4004,ASSIGNMENT 4,2023-04-30 23:55:00
5,CEEN4004,ASSIGNMENT 5,2023-05-31 23:55:00
1,CEEN5005,ASSIGNMENT 1,2023-01-31 23:55:00
2,CEEN5005,ASSIGNMENT 2,2023-02-28 23:55:00
3,CEEN5005,ASSIGNMENT 3,2023-03-31 23:55:00
4,CEEN5005,ASSIGNMENT 4,2023-04-30 23:55:00
5,CEEN5005,ASSIGNMENT 5,2023-05-31 23:55:00
1,CEEN6006,ASSIGNMENT 1,2023-01-31 23:55:00
2,CEEN6006,ASSIGNMENT 2,2023-02-28 23:55:00
3,CEEN6006,ASSIGNMENT 3,2023-03-31 23:55:00
4,CEEN6006,ASSIGNMENT 4,2023-04-30 23:55:00
5,CEEN6006,ASSIGNMENT 5,2023-05-31 23:55:00
1,CEEN7007,ASSIGNMENT 1,2023-01-31 23:55:00
2,CEEN7007,ASSIGNMENT 2,2023-02-28 23:55:00
3,CEEN7007,ASSIGNMENT 3,2023-03-31 23:55:00
4,CEEN7007,ASSIGNMENT 4,2023-04-30 23:55:00
5,CEEN7007,ASSIGNMENT 5,2023-05-31 23:55:00
1,CEEN8008,ASSIGNMENT 1,2023-01-31 23:55:00
2,CEEN8008,ASSIGNMENT 2,2023-02-28 23:55:00
3,CEEN8008,ASSIGNMENT 3,2023-03-31 23:55:00
4,CEEN8008,ASSIGNMENT 4,2023-04-30 23:55:00
5,CEEN8008,ASSIGNMENT 5,2023-05-31 23:55:00
1,CHEM1001,ASSIGNMENT 1,2023-01-31 23:55:00
2,CHEM1001,ASSIGNMENT 2,2023-02-28 23:55:00
3,CHEM1001,ASSIGNMENT 3,2023-03-31 23:55:00
4,CHEM1001,ASSIGNMENT 4,2023-04-30 23:55:00
5,CHEM1001,ASSIGNMENT 5,2023-05-31 23:55:00
1,CHEM1101,ASSIGNMENT 1,2023-01-31 23:55:00
2,CHEM1101,ASSIGNMENT 2,2023-02-28 23:55:00
3,CHEM1101,ASSIGNMENT 3,2023-03-31 23:55:00
4,CHEM1101,ASSIGNMENT 4,2023-04-30 23:55:00
5,CHEM1101,ASSIGNMENT 5,2023-05-31 23:55:00
1,CHEM1201,ASSIGNMENT 1,2023-01-31 23:55:00
2,CHEM1201,ASSIGNMENT 2,2023-02-28 23:55:00
3,CHEM1201,ASSIGNMENT 3,2023-03-31 23:55:00
4,CHEM1201,ASSIGNMENT 4,2023-04-30 23:55:00
5,CHEM1201,ASSIGNMENT 5,2023-05-31 23:55:00
1,CHEM2101,ASSIGNMENT 1,2023-01-31 23:55:00
2,CHEM2101,ASSIGNMENT 2,2023-02-28 23:55:00
3,CHEM2101,ASSIGNMENT 3,2023-03-31 23:55:00
4,CHEM2101,ASSIGNMENT 4,2023-04-30 23:55:00
5,CHEM2101,ASSIGNMENT 5,2023-05-31 23:55:00
1,CHEM2201,ASSIGNMENT 1,2023-01-31 23:55:00
2,CHEM2201,ASSIGNMENT 2,2023-02-28 23:55:00
3,CHEM2201,ASSIGNMENT 3,2023-03-31 23:55:00
4,CHEM2201,ASSIGNMENT 4,2023-04-30 23:55:00
5,CHEM2201,ASSIGNMENT 5,2023-05-31 23:55:00
1,CHEM3101,ASSIGNMENT 1,2023-01-31 23:55:00
2,CHEM3101,ASSIGNMENT 2,2023-02-28 23:55:00
3,CHEM3101,ASSIGNMENT 3,2023-03-31 23:55:00
4,CHEM3101,ASSIGNMENT 4,2023-04-30 23:55:00
5,CHEM3101,ASSIGNMENT 5,2023-05-31 23:55:00
1,CHEM3201,ASSIGNMENT 1,2023-01-31 23:55:00
2,CHEM3201,ASSIGNMENT 2,2023-02-28 23:55:00
3,CHEM3201,ASSIGNMENT 3,2023-03-31 23:55:00
4,CHEM3201,ASSIGNMENT 4,2023-04-30 23:55:00
5,CHEM3201,ASSIGNMENT 5,2023-05-31 23:55:00
1,CHEM3301,ASSIGNMENT 1,2023-01-31 23:55:00
2,CHEM3301,ASSIGNMENT 2,2023-02-28 23:55:00
3,CHEM3301,ASSIGNMENT 3,2023-03-31 23:55:00
4,CHEM3301,ASSIGNMENT 4,2023-04-30 23:55:00
5,CHEM3301,ASSIGNMENT 5,2023-05-31 23:55:00
1,CHEM3401,ASSIGNMENT 1,2023-01-31 23:55:00
2,CHEM3401,ASSIGNMENT 2,2023-02-28 23:55:00
3,CHEM3401,ASSIGNMENT 3,2023-03-31 23:55:00
4,CHEM3401,ASSIGNMENT 4,2023-04-30 23:55:00
5,CHEM3401,ASSIGNMENT 5,2023-05-31 23:55:00
1,CHEM4101,ASSIGNMENT 1,2023-01-31 23:55:00
2,CHEM4101,ASSIGNMENT 2,2023-02-28 23:55:00
3,CHEM4101,ASSIGNMENT 3,2023-03-31 23:55:00
4,CHEM4101,ASSIGNMENT 4,2023-04-30 23:55:00
5,CHEM4101,ASSIGNMENT 5,2023-05-31 23:55:00
1,CHEM4201,ASSIGNMENT 1,2023-01-31 23:55:00
2,CHEM4201,ASSIGNMENT 2,2023-02-28 23:55:00
3,CHEM4201,ASSIGNMENT 3,2023-03-31 23:55:00
4,CHEM4201,ASSIGNMENT 4,2023-04-30 23:55:00
5,CHEM4201,ASSIGNMENT 5,2023-05-31 23:55:00
1,CHEM4301,ASSIGNMENT 1,2023-01-31 23:55:00
2,CHEM4301,ASSIGNMENT 2,2023-02-28 23:55:00
3,CHEM4301,ASSIGNMENT 3,2023-03-31 23:55:00
4,CHEM4301,ASSIGNMENT 4,2023-04-30 23:55:00
5,CHEM4301,ASSIGNMENT 5,2023-05-31 23:55:00
1,CHEM4401,ASSIGNMENT 1,2023-01-31 23:55:00
2,CHEM4401,ASSIGNMENT 2,2023-02-28 23:55:00
3,CHEM4401,ASSIGNMENT 3,2023-03-31 23:55:00
4,CHEM4401,ASSIGNMENT 4,2023-04-30 23:55:00
5,CHEM4401,ASSIGNMENT 5,2023-05-31 23:55:00
1,CHEM4501,ASSIGNMENT 1,2023-01-31 23:55:00
2,CHEM4501,ASSIGNMENT 2,2023-02-28 23:55:00
3,CHEM4501,ASSIGNMENT 3,2023-03-31 23:55:00
4,CHEM4501,ASSIGNMENT 4,2023-04-30 23:55:00
5,CHEM4501,ASSIGNMENT 5,2023-05-31 23:55:00
1,CHEM4601,ASSIGNMENT 1,2023-01-31 23:55:00
2,CHEM4601,ASSIGNMENT 2,2023-02-28 23:55:00
3,CHEM4601,ASSIGNMENT 3,2023-03-31 23:55:00
4,CHEM4601,ASSIGNMENT 4,2023-04-30 23:55:00
5,CHEM4601,ASSIGNMENT 5,2023-05-31 23:55:00
1,CHEM4701,ASSIGNMENT 1,2023-01-31 23:55:00
2,CHEM4701,ASSIGNMENT 2,2023-02-28 23:55:00
3,CHEM4701,ASSIGNMENT 3,2023-03-31 23:55:00
4,CHEM4701,ASSIGNMENT 4,2023-04-30 23:55:00
5,CHEM4701,ASSIGNMENT 5,2023-05-31 23:55:00
1,CHEM4801,ASSIGNMENT 1,2023-01-31 23:55:00
2,CHEM4801,ASSIGNMENT 2,2023-02-28 23:55:00
3,CHEM4801,ASSIGNMENT 3,2023-03-31 23:55:00
4,CHEM4801,ASSIGNMENT 4,2023-04-30 23:55:00
5,CHEM4801,ASSIGNMENT 5,2023-05-31 23:55:00
1,CHEM4901,ASSIGNMENT 1,2023-01-31 23:55:00
2,CHEM4901,ASSIGNMENT 2,2023-02-28 23:55:00
3,CHEM4901,ASSIGNMENT 3,2023-03-31 23:55:00
4,CHEM4901,ASSIGNMENT 4,2023-04-30 23:55:00
5,CHEM4901,ASSIGNMENT 5,2023-05-31 23:55:00
1,CHEM5001,ASSIGNMENT 1,2023-01-31 23:55:00
2,CHEM5001,ASSIGNMENT 2,2023-02-28 23:55:00
3,CHEM5001,ASSIGNMENT 3,2023-03-31 23:55:00
4,CHEM5001,ASSIGNMENT 4,2023-04-30 23:55:00
5,CHEM5001,ASSIGNMENT 5,2023-05-31 23:55:00
1,CHEM5101,ASSIGNMENT 1,2023-01-31 23:55:00
2,CHEM5101,ASSIGNMENT 2,2023-02-28 23:55:00
3,CHEM5101,ASSIGNMENT 3,2023-03-31 23:55:00
4,CHEM5101,ASSIGNMENT 4,2023-04-30 23:55:00
5,CHEM5101,ASSIGNMENT 5,2023-05-31 23:55:00
1,CHEM5201,ASSIGNMENT 1,2023-01-31 23:55:00
2,CHEM5201,ASSIGNMENT 2,2023-02-28 23:55:00
3,CHEM5201,ASSIGNMENT 3,2023-03-31 23:55:00
4,CHEM5201,ASSIGNMENT 4,2023-04-30 23:55:00
5,CHEM5201,ASSIGNMENT 5,2023-05-31 23:55:00
1,CHEM5301,ASSIGNMENT 1,2023-01-31 23:55:00
2,CHEM5301,ASSIGNMENT 2,2023-02-28 23:55:00
3,CHEM5301,ASSIGNMENT 3,2023-03-31 23:55:00
4,CHEM5301,ASSIGNMENT 4,2023-04-30 23:55:00
5,CHEM5301,ASSIGNMENT 5,2023-05-31 23:55:00
1,CHEM5401,ASSIGNMENT 1,2023-01-31 23:55:00
2,CHEM5401,ASSIGNMENT 2,2023-02-28 23:55:00
3,CHEM5401,ASSIGNMENT 3,2023-03-31 23:55:00
4,CHEM5401,ASSIGNMENT 4,2023-04-30 23:55:00
5,CHEM5401,ASSIGNMENT 5,2023-05-31 23:55:00
1,CHEM5601,ASSIGNMENT 1,2023-01-31 23:55:00
2,CHEM5601,ASSIGNMENT 2,2023-02-28 23:55:00
3,CHEM5601,ASSIGNMENT 3,2023-03-31 23:55:00
4,CHEM5601,ASSIGNMENT 4,2023-04-30 23:55:00
5,CHEM5601,ASSIGNMENT 5,2023-05-31 23:55:00
1,CHEM5701,ASSIGNMENT 1,2023-01-31 23:55:00
2,CHEM5701,ASSIGNMENT 2,2023-02-28 23:55:00
3,CHEM5701,ASSIGNMENT 3,2023-03-31 23:55:00
4,CHEM5701,ASSIGNMENT 4,2023-04-30 23:55:00
5,CHEM5701,ASSIGNMENT 5,2023-05-31 23:55:00
1,CHEM5801,ASSIGNMENT 1,2023-01-31 23:55:00
2,CHEM5801,ASSIGNMENT 2,2023-02-28 23:55:00
3,CHEM5801,ASSIGNMENT 3,2023-03-31 23:55:00
4,CHEM5801,ASSIGNMENT 4,2023-04-30 23:55:00
5,CHEM5801,ASSIGNMENT 5,2023-05-31 23:55:00
1,CHEM5901,ASSIGNMENT 1,2023-01-31 23:55:00
2,CHEM5901,ASSIGNMENT 2,2023-02-28 23:55:00
3,CHEM5901,ASSIGNMENT 3,2023-03-31 23:55:00
4,CHEM5901,ASSIGNMENT 4,2023-04-30 23:55:00
5,CHEM5901,ASSIGNMENT 5,2023-05-31 23:55:00
1,CHEM6001,ASSIGNMENT 1,2023-01-31 23:55:00
2,CHEM6001,ASSIGNMENT 2,2023-02-28 23:55:00
3,CHEM6001,ASSIGNMENT 3,2023-03-31 23:55:00
4,CHEM6001,ASSIGNMENT 4,2023-04-30 23:55:00
5,CHEM6001,ASSIGNMENT 5,2023-05-31 23:55:00
1,CHEM6101,ASSIGNMENT 1,2023-01-31 23:55:00
2,CHEM6101,ASSIGNMENT 2,2023-02-28 23:55:00
3,CHEM6101,ASSIGNMENT 3,2023-03-31 23:55:00
4,CHEM6101,ASSIGNMENT 4,2023-04-30 23:55:00
5,CHEM6101,ASSIGNMENT 5,2023-05-31 23:55:00
1,CHEM6201,ASSIGNMENT 1,2023-01-31 23:55:00
2,CHEM6201,ASSIGNMENT 2,2023-02-28 23:55:00
3,CHEM6201,ASSIGNMENT 3,2023-03-31 23:55:00
4,CHEM6201,ASSIGNMENT 4,2023-04-30 23:55:00
5,CHEM6201,ASSIGNMENT 5,2023-05-31 23:55:00
1,CHEM6301,ASSIGNMENT 1,2023-01-31 23:55:00
2,CHEM6301,ASSIGNMENT 2,2023-02-28 23:55:00
3,CHEM6301,ASSIGNMENT 3,2023-03-31 23:55:00
4,CHEM6301,ASSIGNMENT 4,2023-04-30 23:55:00
5,CHEM6301,ASSIGNMENT 5,2023-05-31 23:55:00
1,CHEM6401,ASSIGNMENT 1,2023-01-31 23:55:00
2,CHEM6401,ASSIGNMENT 2,2023-02-28 23:55:00
3,CHEM6401,ASSIGNMENT 3,2023-03-31 23:55:00
4,CHEM6401,ASSIGNMENT 4,2023-04-30 23:55:00
5,CHEM6401,ASSIGNMENT 5,2023-05-31 23:55:00
1,CHEM6501,ASSIGNMENT 1,2023-01-31 23:55:00
2,CHEM6501,ASSIGNMENT 2,2023-02-28 23:55:00
3,CHEM6501,ASSIGNMENT 3,2023-03-31 23:55:00
4,CHEM6501,ASSIGNMENT 4,2023-04-30 23:55:00
5,CHEM6501,ASSIGNMENT 5,2023-05-31 23:55:00
1,CHEM6601,ASSIGNMENT 1,2023-01-31 23:55:00
2,CHEM6601,ASSIGNMENT 2,2023-02-28 23:55:00
3,CHEM6601,ASSIGNMENT 3,2023-03-31 23:55:00
4,CHEM6601,ASSIGNMENT 4,2023-04-30 23:55:00
5,CHEM6601,ASSIGNMENT 5,2023-05-31 23:55:00
1,CHEM6701,ASSIGNMENT 1,2023-01-31 23:55:00
2,CHEM6701,ASSIGNMENT 2,2023-02-28 23:55:00
3,CHEM6701,ASSIGNMENT 3,2023-03-31 23:55:00
4,CHEM6701,ASSIGNMENT 4,2023-04-30 23:55:00
5,CHEM6701,ASSIGNMENT 5,2023-05-31 23:55:00
1,CHEM6801,ASSIGNMENT 1,2023-01-31 23:55:00
2,CHEM6801,ASSIGNMENT 2,2023-02-28 23:55:00
3,CHEM6801,ASSIGNMENT 3,2023-03-31 23:55:00
4,CHEM6801,ASSIGNMENT 4,2023-04-30 23:55:00
5,CHEM6801,ASSIGNMENT 5,2023-05-31 23:55:00
1,CHEM6901,ASSIGNMENT 1,2023-01-31 23:55:00
2,CHEM6901,ASSIGNMENT 2,2023-02-28 23:55:00
3,CHEM6901,ASSIGNMENT 3,2023-03-31 23:55:00
4,CHEM6901,ASSIGNMENT 4,2023-04-30 23:55:00
5,CHEM6901,ASSIGNMENT 5,2023-05-31 23:55:00
1,CHEM7001,ASSIGNMENT 1,2023-01-31 23:55:00
2,CHEM7001,ASSIGNMENT 2,2023-02-28 23:55:00
3,CHEM7001,ASSIGNMENT 3,2023-03-31 23:55:00
4,CHEM7001,ASSIGNMENT 4,2023-04-30 23:55:00
5,CHEM7001,ASSIGNMENT 5,2023-05-31 23:55:00
1,CHEM7101,ASSIGNMENT 1,2023-01-31 23:55:00
2,CHEM7101,ASSIGNMENT 2,2023-02-28 23:55:00
3,CHEM7101,ASSIGNMENT 3,2023-03-31 23:55:00
4,CHEM7101,ASSIGNMENT 4,2023-04-30 23:55:00
5,CHEM7101,ASSIGNMENT 5,2023-05-31 23:55:00
1,CHEM7201,ASSIGNMENT 1,2023-01-31 23:55:00
2,CHEM7201,ASSIGNMENT 2,2023-02-28 23:55:00
3,CHEM7201,ASSIGNMENT 3,2023-03-31 23:55:00
4,CHEM7201,ASSIGNMENT 4,2023-04-30 23:55:00
5,CHEM7201,ASSIGNMENT 5,2023-05-31 23:55:00
1,CHEM7301,ASSIGNMENT 1,2023-01-31 23:55:00
2,CHEM7301,ASSIGNMENT 2,2023-02-28 23:55:00
3,CHEM7301,ASSIGNMENT 3,2023-03-31 23:55:00
4,CHEM7301,ASSIGNMENT 4,2023-04-30 23:55:00
5,CHEM7301,ASSIGNMENT 5,2023-05-31 23:55:00
1,CHEM7401,ASSIGNMENT 1,2023-01-31 23:55:00
2,CHEM7401,ASSIGNMENT 2,2023-02-28 23:55:00
3,CHEM7401,ASSIGNMENT 3,2023-03-31 23:55:00
4,CHEM7401,ASSIGNMENT 4,2023-04-30 23:55:00
5,CHEM7401,ASSIGNMENT 5,2023-05-31 23:55:00
1,CHEM7501,ASSIGNMENT 1,2023-01-31 23:55:00
2,CHEM7501,ASSIGNMENT 2,2023-02-28 23:55:00
3,CHEM7501,ASSIGNMENT 3,2023-03-31 23:55:00
4,CHEM7501,ASSIGNMENT 4,2023-04-30 23:55:00
5,CHEM7501,ASSIGNMENT 5,2023-05-31 23:55:00
1,CHEM7601,ASSIGNMENT 1,2023-01-31 23:55:00
2,CHEM7601,ASSIGNMENT 2,2023-02-28 23:55:00
3,CHEM7601,ASSIGNMENT 3,2023-03-31 23:55:00
4,CHEM7601,ASSIGNMENT 4,2023-04-30 23:55:00
5,CHEM7601,ASSIGNMENT 5,2023-05-31 23:55:00
1,ELEN1001,ASSIGNMENT 1,2023-01-31 23:55:00
2,ELEN1001,ASSIGNMENT 2,2023-02-28 23:55:00
3,ELEN1001,ASSIGNMENT 3,2023-03-31 23:55:00
4,ELEN1001,ASSIGNMENT 4,2023-04-30 23:55:00
5,ELEN1001,ASSIGNMENT 5,2023-05-31 23:55:00
1,ELEN2002,ASSIGNMENT 1,2023-01-31 23:55:00
2,ELEN2002,ASSIGNMENT 2,2023-02-28 23:55:00
3,ELEN2002,ASSIGNMENT 3,2023-03-31 23:55:00
4,ELEN2002,ASSIGNMENT 4,2023-04-30 23:55:00
5,ELEN2002,ASSIGNMENT 5,2023-05-31 23:55:00
1,ELEN3003,ASSIGNMENT 1,2023-01-31 23:55:00
2,ELEN3003,ASSIGNMENT 2,2023-02-28 23:55:00
3,ELEN3003,ASSIGNMENT 3,2023-03-31 23:55:00
4,ELEN3003,ASSIGNMENT 4,2023-04-30 23:55:00
5,ELEN3003,ASSIGNMENT 5,2023-05-31 23:55:00
1,ELEN4004,ASSIGNMENT 1,2023-01-31 23:55:00
2,ELEN4004,ASSIGNMENT 2,2023-02-28 23:55:00
3,ELEN4004,ASSIGNMENT 3,2023-03-31 23:55:00
4,ELEN4004,ASSIGNMENT 4,2023-04-30 23:55:00
5,ELEN4004,ASSIGNMENT 5,2023-05-31 23:55:00
1,ELEN5005,ASSIGNMENT 1,2023-01-31 23:55:00
2,ELEN5005,ASSIGNMENT 2,2023-02-28 23:55:00
3,ELEN5005,ASSIGNMENT 3,2023-03-31 23:55:00
4,ELEN5005,ASSIGNMENT 4,2023-04-30 23:55:00
5,ELEN5005,ASSIGNMENT 5,2023-05-31 23:55:00
1,ELEN6006,ASSIGNMENT 1,2023-01-31 23:55:00
2,ELEN6006,ASSIGNMENT 2,2023-02-28 23:55:00
3,ELEN6006,ASSIGNMENT 3,2023-03-31 23:55:00
4,ELEN6006,ASSIGNMENT 4,2023-04-30 23:55:00
5,ELEN6006,ASSIGNMENT 5,2023-05-31 23:55:00
1,ELEN7007,ASSIGNMENT 1,2023-01-31 23:55:00
2,ELEN7007,ASSIGNMENT 2,2023-02-28 23:55:00
3,ELEN7007,ASSIGNMENT 3,2023-03-31 23:55:00
4,ELEN7007,ASSIGNMENT 4,2023-04-30 23:55:00
5,ELEN7007,ASSIGNMENT 5,2023-05-31 23:55:00
1,ELEN8008,ASSIGNMENT 1,2023-01-31 23:55:00
2,ELEN8008,ASSIGNMENT 2,2023-02-28 23:55:00
3,ELEN8008,ASSIGNMENT 3,2023-03-31 23:55:00
4,ELEN8008,ASSIGNMENT 4,2023-04-30 23:55:00
5,ELEN8008,ASSIGNMENT 5,2023-05-31 23:55:00
1,ITAI6010,ASSIGNMENT 1,2023-01-31 23:55:00
2,ITAI6010,ASSIGNMENT 2,2023-02-28 23:55:00
3,ITAI6010,ASSIGNMENT 3,2023-03-31 23:55:00
4,ITAI6010,ASSIGNMENT 4,2023-04-30 23:55:00
5,ITAI6010,ASSIGNMENT 5,2023-05-31 23:55:00
1,ITAP5010,ASSIGNMENT 1,2023-01-31 23:55:00
2,ITAP5010,ASSIGNMENT 2,2023-02-28 23:55:00
3,ITAP5010,ASSIGNMENT 3,2023-03-31 23:55:00
4,ITAP5010,ASSIGNMENT 4,2023-04-30 23:55:00
5,ITAP5010,ASSIGNMENT 5,2023-05-31 23:55:00
1,ITAS5010,ASSIGNMENT 1,2023-01-31 23:55:00
2,ITAS5010,ASSIGNMENT 2,2023-02-28 23:55:00
3,ITAS5010,ASSIGNMENT 3,2023-03-31 23:55:00
4,ITAS5010,ASSIGNMENT 4,2023-04-30 23:55:00
5,ITAS5010,ASSIGNMENT 5,2023-05-31 23:55:00
1,ITBC6010,ASSIGNMENT 1,2023-01-31 23:55:00
2,ITBC6010,ASSIGNMENT 2,2023-02-28 23:55:00
3,ITBC6010,ASSIGNMENT 3,2023-03-31 23:55:00
4,ITBC6010,ASSIGNMENT 4,2023-04-30 23:55:00
5,ITBC6010,ASSIGNMENT 5,2023-05-31 23:55:00
1,ITBD6010,ASSIGNMENT 1,2023-01-31 23:55:00
2,ITBD6010,ASSIGNMENT 2,2023-02-28 23:55:00
3,ITBD6010,ASSIGNMENT 3,2023-03-31 23:55:00
4,ITBD6010,ASSIGNMENT 4,2023-04-30 23:55:00
5,ITBD6010,ASSIGNMENT 5,2023-05-31 23:55:00
1,ITCA4010,ASSIGNMENT 1,2023-01-31 23:55:00
2,ITCA4010,ASSIGNMENT 2,2023-02-28 23:55:00
3,ITCA4010,ASSIGNMENT 3,2023-03-31 23:55:00
4,ITCA4010,ASSIGNMENT 4,2023-04-30 23:55:00
5,ITCA4010,ASSIGNMENT 5,2023-05-31 23:55:00
1,ITCC5010,ASSIGNMENT 1,2023-01-31 23:55:00
2,ITCC5010,ASSIGNMENT 2,2023-02-28 23:55:00
3,ITCC5010,ASSIGNMENT 3,2023-03-31 23:55:00
4,ITCC5010,ASSIGNMENT 4,2023-04-30 23:55:00
5,ITCC5010,ASSIGNMENT 5,2023-05-31 23:55:00
1,ITCC6010,ASSIGNMENT 1,2023-01-31 23:55:00
2,ITCC6010,ASSIGNMENT 2,2023-02-28 23:55:00
3,ITCC6010,ASSIGNMENT 3,2023-03-31 23:55:00
4,ITCC6010,ASSIGNMENT 4,2023-04-30 23:55:00
5,ITCC6010,ASSIGNMENT 5,2023-05-31 23:55:00
1,ITCC6015,ASSIGNMENT 1,2023-01-31 23:55:00
2,ITCC6015,ASSIGNMENT 2,2023-02-28 23:55:00
3,ITCC6015,ASSIGNMENT 3,2023-03-31 23:55:00
4,ITCC6015,ASSIGNMENT 4,2023-04-30 23:55:00
5,ITCC6015,ASSIGNMENT 5,2023-05-31 23:55:00
1,ITCC6020,ASSIGNMENT 1,2023-01-31 23:55:00
2,ITCC6020,ASSIGNMENT 2,2023-02-28 23:55:00
3,ITCC6020,ASSIGNMENT 3,2023-03-31 23:55:00
4,ITCC6020,ASSIGNMENT 4,2023-04-30 23:55:00
5,ITCC6020,ASSIGNMENT 5,2023-05-31 23:55:00
1,ITCC6025,ASSIGNMENT 1,2023-01-31 23:55:00
2,ITCC6025,ASSIGNMENT 2,2023-02-28 23:55:00
3,ITCC6025,ASSIGNMENT 3,2023-03-31 23:55:00
4,ITCC6025,ASSIGNMENT 4,2023-04-30 23:55:00
5,ITCC6025,ASSIGNMENT 5,2023-05-31 23:55:00
1,ITCD5010,ASSIGNMENT 1,2023-01-31 23:55:00
2,ITCD5010,ASSIGNMENT 2,2023-02-28 23:55:00
3,ITCD5010,ASSIGNMENT 3,2023-03-31 23:55:00
4,ITCD5010,ASSIGNMENT 4,2023-04-30 23:55:00
5,ITCD5010,ASSIGNMENT 5,2023-05-31 23:55:00
1,ITCE4010,ASSIGNMENT 1,2023-01-31 23:55:00
2,ITCE4010,ASSIGNMENT 2,2023-02-28 23:55:00
3,ITCE4010,ASSIGNMENT 3,2023-03-31 23:55:00
4,ITCE4010,ASSIGNMENT 4,2023-04-30 23:55:00
5,ITCE4010,ASSIGNMENT 5,2023-05-31 23:55:00
1,ITCF6010,ASSIGNMENT 1,2023-01-31 23:55:00
2,ITCF6010,ASSIGNMENT 2,2023-02-28 23:55:00
3,ITCF6010,ASSIGNMENT 3,2023-03-31 23:55:00
4,ITCF6010,ASSIGNMENT 4,2023-04-30 23:55:00
5,ITCF6010,ASSIGNMENT 5,2023-05-31 23:55:00
1,ITCG4010,ASSIGNMENT 1,2023-01-31 23:55:00
2,ITCG4010,ASSIGNMENT 2,2023-02-28 23:55:00
3,ITCG4010,ASSIGNMENT 3,2023-03-31 23:55:00
4,ITCG4010,ASSIGNMENT 4,2023-04-30 23:55:00
5,ITCG4010,ASSIGNMENT 5,2023-05-31 23:55:00
1,ITCG4015,ASSIGNMENT 1,2023-01-31 23:55:00
2,ITCG4015,ASSIGNMENT 2,2023-02-28 23:55:00
3,ITCG4015,ASSIGNMENT 3,2023-03-31 23:55:00
4,ITCG4015,ASSIGNMENT 4,2023-04-30 23:55:00
5,ITCG4015,ASSIGNMENT 5,2023-05-31 23:55:00
1,ITCI6010,ASSIGNMENT 1,2023-01-31 23:55:00
2,ITCI6010,ASSIGNMENT 2,2023-02-28 23:55:00
3,ITCI6010,ASSIGNMENT 3,2023-03-31 23:55:00
4,ITCI6010,ASSIGNMENT 4,2023-04-30 23:55:00
5,ITCI6010,ASSIGNMENT 5,2023-05-31 23:55:00
1,ITCN4030,ASSIGNMENT 1,2023-01-31 23:55:00
2,ITCN4030,ASSIGNMENT 2,2023-02-28 23:55:00
3,ITCN4030,ASSIGNMENT 3,2023-03-31 23:55:00
4,ITCN4030,ASSIGNMENT 4,2023-04-30 23:55:00
5,ITCN4030,ASSIGNMENT 5,2023-05-31 23:55:00
1,ITCN5010,ASSIGNMENT 1,2023-01-31 23:55:00
2,ITCN5010,ASSIGNMENT 2,2023-02-28 23:55:00
3,ITCN5010,ASSIGNMENT 3,2023-03-31 23:55:00
4,ITCN5010,ASSIGNMENT 4,2023-04-30 23:55:00
5,ITCN5010,ASSIGNMENT 5,2023-05-31 23:55:00
1,ITCS6010,ASSIGNMENT 1,2023-01-31 23:55:00
2,ITCS6010,ASSIGNMENT 2,2023-02-28 23:55:00
3,ITCS6010,ASSIGNMENT 3,2023-03-31 23:55:00
4,ITCS6010,ASSIGNMENT 4,2023-04-30 23:55:00
5,ITCS6010,ASSIGNMENT 5,2023-05-31 23:55:00
1,ITCV6010,ASSIGNMENT 1,2023-01-31 23:55:00
2,ITCV6010,ASSIGNMENT 2,2023-02-28 23:55:00
3,ITCV6010,ASSIGNMENT 3,2023-03-31 23:55:00
4,ITCV6010,ASSIGNMENT 4,2023-04-30 23:55:00
5,ITCV6010,ASSIGNMENT 5,2023-05-31 23:55:00
1,ITDB3007,ASSIGNMENT 1,2023-01-31 23:55:00
2,ITDB3007,ASSIGNMENT 2,2023-02-28 23:55:00
3,ITDB3007,ASSIGNMENT 3,2023-03-31 23:55:00
4,ITDB3007,ASSIGNMENT 4,2023-04-30 23:55:00
5,ITDB3007,ASSIGNMENT 5,2023-05-31 23:55:00
1,ITDB4010,ASSIGNMENT 1,2023-01-31 23:55:00
2,ITDB4010,ASSIGNMENT 2,2023-02-28 23:55:00
3,ITDB4010,ASSIGNMENT 3,2023-03-31 23:55:00
4,ITDB4010,ASSIGNMENT 4,2023-04-30 23:55:00
5,ITDB4010,ASSIGNMENT 5,2023-05-31 23:55:00
1,ITDI6010,ASSIGNMENT 1,2023-01-31 23:55:00
2,ITDI6010,ASSIGNMENT 2,2023-02-28 23:55:00
3,ITDI6010,ASSIGNMENT 3,2023-03-31 23:55:00
4,ITDI6010,ASSIGNMENT 4,2023-04-30 23:55:00
5,ITDI6010,ASSIGNMENT 5,2023-05-31 23:55:00
1,ITDM5010,ASSIGNMENT 1,2023-01-31 23:55:00
2,ITDM5010,ASSIGNMENT 2,2023-02-28 23:55:00
3,ITDM5010,ASSIGNMENT 3,2023-03-31 23:55:00
4,ITDM5010,ASSIGNMENT 4,2023-04-30 23:55:00
5,ITDM5010,ASSIGNMENT 5,2023-05-31 23:55:00
1,ITDS4020,ASSIGNMENT 1,2023-01-31 23:55:00
2,ITDS4020,ASSIGNMENT 2,2023-02-28 23:55:00
3,ITDS4020,ASSIGNMENT 3,2023-03-31 23:55:00
4,ITDS4020,ASSIGNMENT 4,2023-04-30 23:55:00
5,ITDS4020,ASSIGNMENT 5,2023-05-31 23:55:00
1,ITDS5010,ASSIGNMENT 1,2023-01-31 23:55:00
2,ITDS5010,ASSIGNMENT 2,2023-02-28 23:55:00
3,ITDS5010,ASSIGNMENT 3,2023-03-31 23:55:00
4,ITDS5010,ASSIGNMENT 4,2023-04-30 23:55:00
5,ITDS5010,ASSIGNMENT 5,2023-05-31 23:55:00
1,ITDS6010,ASSIGNMENT 1,2023-01-31 23:55:00
2,ITDS6010,ASSIGNMENT 2,2023-02-28 23:55:00
3,ITDS6010,ASSIGNMENT 3,2023-03-31 23:55:00
4,ITDS6010,ASSIGNMENT 4,2023-04-30 23:55:00
5,ITDS6010,ASSIGNMENT 5,2023-05-31 23:55:00
1,ITDW5010,ASSIGNMENT 1,2023-01-31 23:55:00
2,ITDW5010,ASSIGNMENT 2,2023-02-28 23:55:00
3,ITDW5010,ASSIGNMENT 3,2023-03-31 23:55:00
4,ITDW5010,ASSIGNMENT 4,2023-04-30 23:55:00
5,ITDW5010,ASSIGNMENT 5,2023-05-31 23:55:00
1,ITES5010,ASSIGNMENT 1,2023-01-31 23:55:00
2,ITES5010,ASSIGNMENT 2,2023-02-28 23:55:00
3,ITES5010,ASSIGNMENT 3,2023-03-31 23:55:00
4,ITES5010,ASSIGNMENT 4,2023-04-30 23:55:00
5,ITES5010,ASSIGNMENT 5,2023-05-31 23:55:00
1,ITHC4010,ASSIGNMENT 1,2023-01-31 23:55:00
2,ITHC4010,ASSIGNMENT 2,2023-02-28 23:55:00
3,ITHC4010,ASSIGNMENT 3,2023-03-31 23:55:00
4,ITHC4010,ASSIGNMENT 4,2023-04-30 23:55:00
5,ITHC4010,ASSIGNMENT 5,2023-05-31 23:55:00
1,ITHR6010,ASSIGNMENT 1,2023-01-31 23:55:00
2,ITHR6010,ASSIGNMENT 2,2023-02-28 23:55:00
3,ITHR6010,ASSIGNMENT 3,2023-03-31 23:55:00
4,ITHR6010,ASSIGNMENT 4,2023-04-30 23:55:00
5,ITHR6010,ASSIGNMENT 5,2023-05-31 23:55:00
1,ITIC6010,ASSIGNMENT 1,2023-01-31 23:55:00
2,ITIC6010,ASSIGNMENT 2,2023-02-28 23:55:00
3,ITIC6010,ASSIGNMENT 3,2023-03-31 23:55:00
4,ITIC6010,ASSIGNMENT 4,2023-04-30 23:55:00
5,ITIC6010,ASSIGNMENT 5,2023-05-31 23:55:00
1,ITIO6010,ASSIGNMENT 1,2023-01-31 23:55:00
2,ITIO6010,ASSIGNMENT 2,2023-02-28 23:55:00
3,ITIO6010,ASSIGNMENT 3,2023-03-31 23:55:00
4,ITIO6010,ASSIGNMENT 4,2023-04-30 23:55:00
5,ITIO6010,ASSIGNMENT 5,2023-05-31 23:55:00
1,ITIR5010,ASSIGNMENT 1,2023-01-31 23:55:00
2,ITIR5010,ASSIGNMENT 2,2023-02-28 23:55:00
3,ITIR5010,ASSIGNMENT 3,2023-03-31 23:55:00
4,ITIR5010,ASSIGNMENT 4,2023-04-30 23:55:00
5,ITIR5010,ASSIGNMENT 5,2023-05-31 23:55:00
1,ITIS5010,ASSIGNMENT 1,2023-01-31 23:55:00
2,ITIS5010,ASSIGNMENT 2,2023-02-28 23:55:00
3,ITIS5010,ASSIGNMENT 3,2023-03-31 23:55:00
4,ITIS5010,ASSIGNMENT 4,2023-04-30 23:55:00
5,ITIS5010,ASSIGNMENT 5,2023-05-31 23:55:00
1,ITJA2010,ASSIGNMENT 1,2023-01-31 23:55:00
2,ITJA2010,ASSIGNMENT 2,2023-02-28 23:55:00
3,ITJA2010,ASSIGNMENT 3,2023-03-31 23:55:00
4,ITJA2010,ASSIGNMENT 4,2023-04-30 23:55:00
5,ITJA2010,ASSIGNMENT 5,2023-05-31 23:55:00
1,ITMA5010,ASSIGNMENT 1,2023-01-31 23:55:00
2,ITMA5010,ASSIGNMENT 2,2023-02-28 23:55:00
3,ITMA5010,ASSIGNMENT 3,2023-03-31 23:55:00
4,ITMA5010,ASSIGNMENT 4,2023-04-30 23:55:00
5,ITMA5010,ASSIGNMENT 5,2023-05-31 23:55:00
1,ITMC6010,ASSIGNMENT 1,2023-01-31 23:55:00
2,ITMC6010,ASSIGNMENT 2,2023-02-28 23:55:00
3,ITMC6010,ASSIGNMENT 3,2023-03-31 23:55:00
4,ITMC6010,ASSIGNMENT 4,2023-04-30 23:55:00
5,ITMC6010,ASSIGNMENT 5,2023-05-31 23:55:00
1,ITML6015,ASSIGNMENT 1,2023-01-31 23:55:00
2,ITML6015,ASSIGNMENT 2,2023-02-28 23:55:00
3,ITML6015,ASSIGNMENT 3,2023-03-31 23:55:00
4,ITML6015,ASSIGNMENT 4,2023-04-30 23:55:00
5,ITML6015,ASSIGNMENT 5,2023-05-31 23:55:00
1,ITMP6010,ASSIGNMENT 1,2023-01-31 23:55:00
2,ITMP6010,ASSIGNMENT 2,2023-02-28 23:55:00
3,ITMP6010,ASSIGNMENT 3,2023-03-31 23:55:00
4,ITMP6010,ASSIGNMENT 4,2023-04-30 23:55:00
5,ITMP6010,ASSIGNMENT 5,2023-05-31 23:55:00
1,ITMS4010,ASSIGNMENT 1,2023-01-31 23:55:00
2,ITMS4010,ASSIGNMENT 2,2023-02-28 23:55:00
3,ITMS4010,ASSIGNMENT 3,2023-03-31 23:55:00
4,ITMS4010,ASSIGNMENT 4,2023-04-30 23:55:00
5,ITMS4010,ASSIGNMENT 5,2023-05-31 23:55:00
1,ITNL6010,ASSIGNMENT 1,2023-01-31 23:55:00
2,ITNL6010,ASSIGNMENT 2,2023-02-28 23:55:00
3,ITNL6010,ASSIGNMENT 3,2023-03-31 23:55:00
4,ITNL6010,ASSIGNMENT 4,2023-04-30 23:55:00
5,ITNL6010,ASSIGNMENT 5,2023-05-31 23:55:00
1,ITNP5010,ASSIGNMENT 1,2023-01-31 23:55:00
2,ITNP5010,ASSIGNMENT 2,2023-02-28 23:55:00
3,ITNP5010,ASSIGNMENT 3,2023-03-31 23:55:00
4,ITNP5010,ASSIGNMENT 4,2023-04-30 23:55:00
5,ITNP5010,ASSIGNMENT 5,2023-05-31 23:55:00
1,ITNS5010,ASSIGNMENT 1,2023-01-31 23:55:00
2,ITNS5010,ASSIGNMENT 2,2023-02-28 23:55:00
3,ITNS5010,ASSIGNMENT 3,2023-03-31 23:55:00
4,ITNS5010,ASSIGNMENT 4,2023-04-30 23:55:00
5,ITNS5010,ASSIGNMENT 5,2023-05-31 23:55:00
1,ITOS3010,ASSIGNMENT 1,2023-01-31 23:55:00
2,ITOS3010,ASSIGNMENT 2,2023-02-28 23:55:00
3,ITOS3010,ASSIGNMENT 3,2023-03-31 23:55:00
4,ITOS3010,ASSIGNMENT 4,2023-04-30 23:55:00
5,ITOS3010,ASSIGNMENT 5,2023-05-31 23:55:00
1,ITPC6010,ASSIGNMENT 1,2023-01-31 23:55:00
2,ITPC6010,ASSIGNMENT 2,2023-02-28 23:55:00
3,ITPC6010,ASSIGNMENT 3,2023-03-31 23:55:00
4,ITPC6010,ASSIGNMENT 4,2023-04-30 23:55:00
5,ITPC6010,ASSIGNMENT 5,2023-05-31 23:55:00
1,ITPL4010,ASSIGNMENT 1,2023-01-31 23:55:00
2,ITPL4010,ASSIGNMENT 2,2023-02-28 23:55:00
3,ITPL4010,ASSIGNMENT 3,2023-03-31 23:55:00
4,ITPL4010,ASSIGNMENT 4,2023-04-30 23:55:00
5,ITPL4010,ASSIGNMENT 5,2023-05-31 23:55:00
1,ITRA6010,ASSIGNMENT 1,2023-01-31 23:55:00
2,ITRA6010,ASSIGNMENT 2,2023-02-28 23:55:00
3,ITRA6010,ASSIGNMENT 3,2023-03-31 23:55:00
4,ITRA6010,ASSIGNMENT 4,2023-04-30 23:55:00
5,ITRA6010,ASSIGNMENT 5,2023-05-31 23:55:00
1,ITRT5010,ASSIGNMENT 1,2023-01-31 23:55:00
2,ITRT5010,ASSIGNMENT 2,2023-02-28 23:55:00
3,ITRT5010,ASSIGNMENT 3,2023-03-31 23:55:00
4,ITRT5010,ASSIGNMENT 4,2023-04-30 23:55:00
5,ITRT5010,ASSIGNMENT 5,2023-05-31 23:55:00
1,ITSC6010,ASSIGNMENT 1,2023-01-31 23:55:00
2,ITSC6010,ASSIGNMENT 2,2023-02-28 23:55:00
3,ITSC6010,ASSIGNMENT 3,2023-03-31 23:55:00
4,ITSC6010,ASSIGNMENT 4,2023-04-30 23:55:00
5,ITSC6010,ASSIGNMENT 5,2023-05-31 23:55:00
1,ITSE5010,ASSIGNMENT 1,2023-01-31 23:55:00
2,ITSE5010,ASSIGNMENT 2,2023-02-28 23:55:00
3,ITSE5010,ASSIGNMENT 3,2023-03-31 23:55:00
4,ITSE5010,ASSIGNMENT 4,2023-04-30 23:55:00
5,ITSE5010,ASSIGNMENT 5,2023-05-31 23:55:00
1,ITUC6010,ASSIGNMENT 1,2023-01-31 23:55:00
2,ITUC6010,ASSIGNMENT 2,2023-02-28 23:55:00
3,ITUC6010,ASSIGNMENT 3,2023-03-31 23:55:00
4,ITUC6010,ASSIGNMENT 4,2023-04-30 23:55:00
5,ITUC6010,ASSIGNMENT 5,2023-05-31 23:55:00
1,ITVM5010,ASSIGNMENT 1,2023-01-31 23:55:00
2,ITVM5010,ASSIGNMENT 2,2023-02-28 23:55:00
3,ITVM5010,ASSIGNMENT 3,2023-03-31 23:55:00
4,ITVM5010,ASSIGNMENT 4,2023-04-30 23:55:00
5,ITVM5010,ASSIGNMENT 5,2023-05-31 23:55:00
1,ITWC5010,ASSIGNMENT 1,2023-01-31 23:55:00
2,ITWC5010,ASSIGNMENT 2,2023-02-28 23:55:00
3,ITWC5010,ASSIGNMENT 3,2023-03-31 23:55:00
4,ITWC5010,ASSIGNMENT 4,2023-04-30 23:55:00
5,ITWC5010,ASSIGNMENT 5,2023-05-31 23:55:00
1,ITWD3010,ASSIGNMENT 1,2023-01-31 23:55:00
2,ITWD3010,ASSIGNMENT 2,2023-02-28 23:55:00
3,ITWD3010,ASSIGNMENT 3,2023-03-31 23:55:00
4,ITWD3010,ASSIGNMENT 4,2023-04-30 23:55:00
5,ITWD3010,ASSIGNMENT 5,2023-05-31 23:55:00
1,ITWN5010,ASSIGNMENT 1,2023-01-31 23:55:00
2,ITWN5010,ASSIGNMENT 2,2023-02-28 23:55:00
3,ITWN5010,ASSIGNMENT 3,2023-03-31 23:55:00
4,ITWN5010,ASSIGNMENT 4,2023-04-30 23:55:00
5,ITWN5010,ASSIGNMENT 5,2023-05-31 23:55:00
1,ITWS5010,ASSIGNMENT 1,2023-01-31 23:55:00
2,ITWS5010,ASSIGNMENT 2,2023-02-28 23:55:00
3,ITWS5010,ASSIGNMENT 3,2023-03-31 23:55:00
4,ITWS5010,ASSIGNMENT 4,2023-04-30 23:55:00
5,ITWS5010,ASSIGNMENT 5,2023-05-31 23:55:00
1,ITWS6010,ASSIGNMENT 1,2023-01-31 23:55:00
2,ITWS6010,ASSIGNMENT 2,2023-02-28 23:55:00
3,ITWS6010,ASSIGNMENT 3,2023-03-31 23:55:00
4,ITWS6010,ASSIGNMENT 4,2023-04-30 23:55:00
5,ITWS6010,ASSIGNMENT 5,2023-05-31 23:55:00
1,MATH1010,ASSIGNMENT 1,2023-01-31 23:55:00
2,MATH1010,ASSIGNMENT 2,2023-02-28 23:55:00
3,MATH1010,ASSIGNMENT 3,2023-03-31 23:55:00
4,MATH1010,ASSIGNMENT 4,2023-04-30 23:55:00
5,MATH1010,ASSIGNMENT 5,2023-05-31 23:55:00
1,MATH1020,ASSIGNMENT 1,2023-01-31 23:55:00
2,MATH1020,ASSIGNMENT 2,2023-02-28 23:55:00
3,MATH1020,ASSIGNMENT 3,2023-03-31 23:55:00
4,MATH1020,ASSIGNMENT 4,2023-04-30 23:55:00
5,MATH1020,ASSIGNMENT 5,2023-05-31 23:55:00
1,MATH1030,ASSIGNMENT 1,2023-01-31 23:55:00
2,MATH1030,ASSIGNMENT 2,2023-02-28 23:55:00
3,MATH1030,ASSIGNMENT 3,2023-03-31 23:55:00
4,MATH1030,ASSIGNMENT 4,2023-04-30 23:55:00
5,MATH1030,ASSIGNMENT 5,2023-05-31 23:55:00
1,MATH2010,ASSIGNMENT 1,2023-01-31 23:55:00
2,MATH2010,ASSIGNMENT 2,2023-02-28 23:55:00
3,MATH2010,ASSIGNMENT 3,2023-03-31 23:55:00
4,MATH2010,ASSIGNMENT 4,2023-04-30 23:55:00
5,MATH2010,ASSIGNMENT 5,2023-05-31 23:55:00
1,MATH2015,ASSIGNMENT 1,2023-01-31 23:55:00
2,MATH2015,ASSIGNMENT 2,2023-02-28 23:55:00
3,MATH2015,ASSIGNMENT 3,2023-03-31 23:55:00
4,MATH2015,ASSIGNMENT 4,2023-04-30 23:55:00
5,MATH2015,ASSIGNMENT 5,2023-05-31 23:55:00
1,MATH2020,ASSIGNMENT 1,2023-01-31 23:55:00
2,MATH2020,ASSIGNMENT 2,2023-02-28 23:55:00
3,MATH2020,ASSIGNMENT 3,2023-03-31 23:55:00
4,MATH2020,ASSIGNMENT 4,2023-04-30 23:55:00
5,MATH2020,ASSIGNMENT 5,2023-05-31 23:55:00
1,MATH3010,ASSIGNMENT 1,2023-01-31 23:55:00
2,MATH3010,ASSIGNMENT 2,2023-02-28 23:55:00
3,MATH3010,ASSIGNMENT 3,2023-03-31 23:55:00
4,MATH3010,ASSIGNMENT 4,2023-04-30 23:55:00
5,MATH3010,ASSIGNMENT 5,2023-05-31 23:55:00
1,MATH3015,ASSIGNMENT 1,2023-01-31 23:55:00
2,MATH3015,ASSIGNMENT 2,2023-02-28 23:55:00
3,MATH3015,ASSIGNMENT 3,2023-03-31 23:55:00
4,MATH3015,ASSIGNMENT 4,2023-04-30 23:55:00
5,MATH3015,ASSIGNMENT 5,2023-05-31 23:55:00
1,MATH3020,ASSIGNMENT 1,2023-01-31 23:55:00
2,MATH3020,ASSIGNMENT 2,2023-02-28 23:55:00
3,MATH3020,ASSIGNMENT 3,2023-03-31 23:55:00
4,MATH3020,ASSIGNMENT 4,2023-04-30 23:55:00
5,MATH3020,ASSIGNMENT 5,2023-05-31 23:55:00
1,MATH3025,ASSIGNMENT 1,2023-01-31 23:55:00
2,MATH3025,ASSIGNMENT 2,2023-02-28 23:55:00
3,MATH3025,ASSIGNMENT 3,2023-03-31 23:55:00
4,MATH3025,ASSIGNMENT 4,2023-04-30 23:55:00
5,MATH3025,ASSIGNMENT 5,2023-05-31 23:55:00
1,MATH4010,ASSIGNMENT 1,2023-01-31 23:55:00
2,MATH4010,ASSIGNMENT 2,2023-02-28 23:55:00
3,MATH4010,ASSIGNMENT 3,2023-03-31 23:55:00
4,MATH4010,ASSIGNMENT 4,2023-04-30 23:55:00
5,MATH4010,ASSIGNMENT 5,2023-05-31 23:55:00
1,MATH4020,ASSIGNMENT 1,2023-01-31 23:55:00
2,MATH4020,ASSIGNMENT 2,2023-02-28 23:55:00
3,MATH4020,ASSIGNMENT 3,2023-03-31 23:55:00
4,MATH4020,ASSIGNMENT 4,2023-04-30 23:55:00
5,MATH4020,ASSIGNMENT 5,2023-05-31 23:55:00
1,MATH4025,ASSIGNMENT 1,2023-01-31 23:55:00
2,MATH4025,ASSIGNMENT 2,2023-02-28 23:55:00
3,MATH4025,ASSIGNMENT 3,2023-03-31 23:55:00
4,MATH4025,ASSIGNMENT 4,2023-04-30 23:55:00
5,MATH4025,ASSIGNMENT 5,2023-05-31 23:55:00
1,MATH4030,ASSIGNMENT 1,2023-01-31 23:55:00
2,MATH4030,ASSIGNMENT 2,2023-02-28 23:55:00
3,MATH4030,ASSIGNMENT 3,2023-03-31 23:55:00
4,MATH4030,ASSIGNMENT 4,2023-04-30 23:55:00
5,MATH4030,ASSIGNMENT 5,2023-05-31 23:55:00
1,MATH4035,ASSIGNMENT 1,2023-01-31 23:55:00
2,MATH4035,ASSIGNMENT 2,2023-02-28 23:55:00
3,MATH4035,ASSIGNMENT 3,2023-03-31 23:55:00
4,MATH4035,ASSIGNMENT 4,2023-04-30 23:55:00
5,MATH4035,ASSIGNMENT 5,2023-05-31 23:55:00
1,MATH4040,ASSIGNMENT 1,2023-01-31 23:55:00
2,MATH4040,ASSIGNMENT 2,2023-02-28 23:55:00
3,MATH4040,ASSIGNMENT 3,2023-03-31 23:55:00
4,MATH4040,ASSIGNMENT 4,2023-04-30 23:55:00
5,MATH4040,ASSIGNMENT 5,2023-05-31 23:55:00
1,MATH4045,ASSIGNMENT 1,2023-01-31 23:55:00
2,MATH4045,ASSIGNMENT 2,2023-02-28 23:55:00
3,MATH4045,ASSIGNMENT 3,2023-03-31 23:55:00
4,MATH4045,ASSIGNMENT 4,2023-04-30 23:55:00
5,MATH4045,ASSIGNMENT 5,2023-05-31 23:55:00
1,MATH4055,ASSIGNMENT 1,2023-01-31 23:55:00
2,MATH4055,ASSIGNMENT 2,2023-02-28 23:55:00
3,MATH4055,ASSIGNMENT 3,2023-03-31 23:55:00
4,MATH4055,ASSIGNMENT 4,2023-04-30 23:55:00
5,MATH4055,ASSIGNMENT 5,2023-05-31 23:55:00
1,MATH4065,ASSIGNMENT 1,2023-01-31 23:55:00
2,MATH4065,ASSIGNMENT 2,2023-02-28 23:55:00
3,MATH4065,ASSIGNMENT 3,2023-03-31 23:55:00
4,MATH4065,ASSIGNMENT 4,2023-04-30 23:55:00
5,MATH4065,ASSIGNMENT 5,2023-05-31 23:55:00
1,MATH4075,ASSIGNMENT 1,2023-01-31 23:55:00
2,MATH4075,ASSIGNMENT 2,2023-02-28 23:55:00
3,MATH4075,ASSIGNMENT 3,2023-03-31 23:55:00
4,MATH4075,ASSIGNMENT 4,2023-04-30 23:55:00
5,MATH4075,ASSIGNMENT 5,2023-05-31 23:55:00
1,MEEN1001,ASSIGNMENT 1,2023-01-31 23:55:00
2,MEEN1001,ASSIGNMENT 2,2023-02-28 23:55:00
3,MEEN1001,ASSIGNMENT 3,2023-03-31 23:55:00
4,MEEN1001,ASSIGNMENT 4,2023-04-30 23:55:00
5,MEEN1001,ASSIGNMENT 5,2023-05-31 23:55:00
1,MEEN2002,ASSIGNMENT 1,2023-01-31 23:55:00
2,MEEN2002,ASSIGNMENT 2,2023-02-28 23:55:00
3,MEEN2002,ASSIGNMENT 3,2023-03-31 23:55:00
4,MEEN2002,ASSIGNMENT 4,2023-04-30 23:55:00
5,MEEN2002,ASSIGNMENT 5,2023-05-31 23:55:00
1,MEEN3003,ASSIGNMENT 1,2023-01-31 23:55:00
2,MEEN3003,ASSIGNMENT 2,2023-02-28 23:55:00
3,MEEN3003,ASSIGNMENT 3,2023-03-31 23:55:00
4,MEEN3003,ASSIGNMENT 4,2023-04-30 23:55:00
5,MEEN3003,ASSIGNMENT 5,2023-05-31 23:55:00
1,MEEN4004,ASSIGNMENT 1,2023-01-31 23:55:00
2,MEEN4004,ASSIGNMENT 2,2023-02-28 23:55:00
3,MEEN4004,ASSIGNMENT 3,2023-03-31 23:55:00
4,MEEN4004,ASSIGNMENT 4,2023-04-30 23:55:00
5,MEEN4004,ASSIGNMENT 5,2023-05-31 23:55:00
1,MEEN5005,ASSIGNMENT 1,2023-01-31 23:55:00
2,MEEN5005,ASSIGNMENT 2,2023-02-28 23:55:00
3,MEEN5005,ASSIGNMENT 3,2023-03-31 23:55:00
4,MEEN5005,ASSIGNMENT 4,2023-04-30 23:55:00
5,MEEN5005,ASSIGNMENT 5,2023-05-31 23:55:00
1,MEEN6006,ASSIGNMENT 1,2023-01-31 23:55:00
2,MEEN6006,ASSIGNMENT 2,2023-02-28 23:55:00
3,MEEN6006,ASSIGNMENT 3,2023-03-31 23:55:00
4,MEEN6006,ASSIGNMENT 4,2023-04-30 23:55:00
5,MEEN6006,ASSIGNMENT 5,2023-05-31 23:55:00
1,MEEN7007,ASSIGNMENT 1,2023-01-31 23:55:00
2,MEEN7007,ASSIGNMENT 2,2023-02-28 23:55:00
3,MEEN7007,ASSIGNMENT 3,2023-03-31 23:55:00
4,MEEN7007,ASSIGNMENT 4,2023-04-30 23:55:00
5,MEEN7007,ASSIGNMENT 5,2023-05-31 23:55:00
1,MEEN8008,ASSIGNMENT 1,2023-01-31 23:55:00
2,MEEN8008,ASSIGNMENT 2,2023-02-28 23:55:00
3,MEEN8008,ASSIGNMENT 3,2023-03-31 23:55:00
4,MEEN8008,ASSIGNMENT 4,2023-04-30 23:55:00
5,MEEN8008,ASSIGNMENT 5,2023-05-31 23:55:00
